{
  "IcoMoonType": "selection",
  "icons": [
    {
      "icon": {
        "paths": [
          "M384 288c0-88.366 71.634-160 160-160s160 71.634 160 160c0 88.366-71.634 160-160 160s-160-71.634-160-160zM0 288c0-88.366 71.634-160 160-160s160 71.634 160 160c0 88.366-71.634 160-160 160s-160-71.634-160-160zM768 608v-96c0-35.2-28.8-64-64-64h-640c-35.2 0-64 28.8-64 64v320c0 35.2 28.8 64 64 64h640c35.2 0 64-28.8 64-64v-96l256 160v-448l-256 160zM640 768h-512v-192h512v192z"
        ],
        "tags": [
          "video-camera",
          "video",
          "media",
          "film",
          "movie"
        ],
        "defaultCode": 59668,
        "grid": 16,
        "attrs": []
      },
      "attrs": [],
      "properties": {
        "ligatures": "video-camera, video3",
        "name": "video-camera",
        "order": 27,
        "id": 21,
        "prevSize": 32
      },
      "setIdx": 0,
      "setId": 1,
      "iconIdx": 20
    }
  ],
  "height": 1024,
  "preferences": {
    "showGlyphs": true,
    "showQuickUse": true,
    "showQuickUse2": true,
    "showSVGs": true,
    "fontPref": {
      "prefix": "icon-",
      "metadata": {
        "fontFamily": "icomoon"
      },
      "metrics": {
        "emSize": 1024,
        "baseline": 6.25,
        "whitespace": 50
      },
      "embed": false
    },
    "imagePref": {
      "prefix": "icon-",
      "png": true,
      "useClassSelector": true,
      "color": 0,
      "bgColor": 16777215,
      "classSelector": ".icon",
      "name": "icomoon"
    },
    "historySize": 50,
    "showCodes": true,
    "gridSize": 16
  }
}